162.159.192.30,880
188.114.97.137,880
162.159.192.219,2371
188.114.96.38,2371
188.114.97.249,880
188.114.96.76,2371
188.114.97.61,880
162.159.192.139,2371
188.114.97.186,880
188.114.99.235,2371
188.114.97.29,880
188.114.98.98,880
188.114.96.76,880
162.159.192.234,2371
188.114.96.205,880
188.114.98.221,880
188.114.99.184,2371
188.114.97.137,2371
188.114.96.215,2371
188.114.99.145,880
188.114.97.186,2371
188.114.98.95,2371
188.114.98.6,2371
188.114.98.161,880
188.114.96.121,880
188.114.96.145,2371
188.114.96.40,2371
188.114.97.159,880
188.114.96.156,2371
162.159.192.66,2371
188.114.96.75,2371
188.114.99.199,2371
188.114.97.75,2371
188.114.99.146,2371
188.114.98.87,2371
188.114.99.94,880
188.114.96.154,2371
188.114.97.194,2371
188.114.99.14,880
188.114.98.68,2371
188.114.99.94,2371
188.114.98.11,880
188.114.98.68,880
188.114.99.145,2371
188.114.98.95,880
188.114.97.33,880
162.159.195.74,2371
188.114.97.169,880
188.114.97.134,880
188.114.96.26,2371
188.114.99.235,880
188.114.97.61,2371
188.114.96.38,880
162.159.195.243,2371
188.114.98.36,880
188.114.96.18,880
188.114.97.52,880
188.114.98.161,2371
188.114.97.134,2371
188.114.96.121,2371
162.159.192.94,2371
162.159.192.178,2371
188.114.98.11,2371
188.114.96.26,880
188.114.98.109,2371
188.114.97.33,2371
188.114.97.52,2371
188.114.98.109,880
188.114.99.0,880
188.114.98.36,2371
188.114.96.40,880
188.114.97.29,2371
188.114.97.169,2371
188.114.97.75,880
188.114.99.146,880
162.159.195.86,2371
188.114.96.18,2371
188.114.96.154,880
188.114.99.69,2371
188.114.98.9,880
188.114.96.75,880
188.114.99.184,880
162.159.192.30,2371
188.114.96.145,880
162.159.195.56,2371
188.114.99.14,2371
188.114.97.159,2371
188.114.96.156,880
188.114.97.194,880
188.114.99.31,2371
188.114.96.205,2371
188.114.96.215,880
188.114.97.249,2371
188.114.99.248,2371
162.159.195.81,2371
188.114.99.239,880
162.159.192.211,2371
188.114.98.9,2371
188.114.98.6,880
188.114.99.239,2371
188.114.99.31,880
188.114.99.199,880
162.159.192.59,880
188.114.98.87,880
162.159.195.28,2371
188.114.98.180,880
188.114.99.248,880
162.159.192.59,2371
162.159.195.14,880
188.114.98.98,2371
162.159.195.236,2371
162.159.192.228,880
162.159.192.226,2371
162.159.192.219,880
188.114.99.69,880
162.159.192.211,880
188.114.99.0,2371
188.114.98.250,880
188.114.98.180,2371
188.114.98.250,2371
188.114.98.221,2371
